<?xml version="1.0" encoding="UTF-8"?>
<!DOCTYPE nffgInfo SYSTEM "nffgInfo.dtd">

<nffgInfo>

	<nffg name="NFFG_01">
		<node name="NODE_01">
			<networkFunctionality name="VPN"/>
			<linkRef linkName="LINK_01"/>
			<linkRef linkName="LINK_03"/>
		</node>
		<node name="NODE_02">
			<networkFunctionality name="FW"/>
			<linkRef linkName="LINK_02"/>
		</node>
		<node name="NODE_03">
			<networkFunctionality name="SPAM"/>
			<linkRef linkName="LINK_04"/>
		</node>
		<link name="LINK_01">
			<sourceNode nodeName="NODE_01"/>
			<destinationNode nodeName="NODE_02"/>
		</link>
		<link name="LINK_02">
			<sourceNode nodeName="NODE_02"/>
			<destinationNode nodeName="NODE_01"/>
		</link>
		<link name="LINK_03">
			<sourceNode nodeName="NODE_01"/>
			<destinationNode nodeName="NODE_03"/>
		</link>
		<link name="LINK_04">
			<sourceNode nodeName="NODE_03"/>
			<destinationNode nodeName="NODE_01"/>
		</link>
		
		<lastUpdate>
			<date>
				<year>2016</year>
				<month>10</month>
				<day>26</day>
				<hour>11</hour>
				<min>05</min>
				<sec>30</sec>
				<utcZone>+01:00</utcZone>
			</date>
		</lastUpdate>
		
	</nffg>
	
	<nffg name="NFFG_02">
		<node name="NODE_01">
			<networkFunctionality name="MAIL_SERVER"/>
			<linkRef linkName="LINK_02"/>
			<linkRef linkName="LINK_03"/>
		</node>
		<node name="NODE_02">
			<networkFunctionality name="MAIL_CLIENT"/>
			<linkRef linkName="LINK_02"/>
		</node>
		<node name="NODE_03">
			<networkFunctionality name="WEB_SERVER"/>
			<linkRef linkName="LINK_04"/>
		</node>
		<link name="LINK_01">
			<sourceNode nodeName="NODE_03"/>
			<destinationNode nodeName="NODE_02"/>
		</link>
		<link name="LINK_02">
			<sourceNode nodeName="NODE_02"/>
			<destinationNode nodeName="NODE_01"/>
		</link>
		<link name="LINK_03">
			<sourceNode nodeName="NODE_01"/>
			<destinationNode nodeName="NODE_03"/>
		</link>
		<link name="LINK_04">
			<sourceNode nodeName="NODE_01"/>
			<destinationNode nodeName="NODE_03"/>
		</link>
		
		<lastUpdate>
			<date>
				<year>2014</year>
				<month>05</month>
				<day>12</day>
				<hour>18</hour>
				<min>30</min>
				<sec>12</sec>
				<utcZone>+01:00</utcZone>
			</date>
		</lastUpdate>
		
		
	</nffg>
	
	<policy name="POLICY_01">
		<property property="REACHABILITY"/>
		<positive positive="TRUE"/>
		<nffgRef nffgName="NFFG_01"/>
		<sourceNode nodeName="NODE_01"/>
		<destinationNode nodeName="NODE_03"/>
		<result result="VIOLATED"/>
		<lastVerification>
			<date>
				<year>2016</year>
				<month>09</month>
				<day>11</day>
				<hour>16</hour>
				<min>45</min>
				<sec>10</sec>
				<utcZone>+01:00</utcZone>
			</date>
		</lastVerification>
	</policy>
	
	<policy name="POLICY_02">
		<property property="TRAVERSAL"/>
		<positive positive="FALSE"/>
		<networkFunctionality name="FW"/>
		<networkFunctionality name="MAIL_SERVER"/>
		<nffgRef nffgName="NFFG_02"/>
		<sourceNode nodeName="NODE_02"/>
		<destinationNode nodeName="NODE_01"/>
		<result result="VIOLATED"/>
		<lastVerification>
			<date>
				<year>2016</year>
				<month>09</month>
				<day>11</day>
				<hour>16</hour>
				<min>45</min>
				<sec>10</sec>
				<utcZone>+01:00</utcZone>
			</date>
		</lastVerification>
	</policy>
	
	<policy name="POLICY_03">
		<property property="REACHABILITY"/>
		<positive positive="TRUE"/>
		<nffgRef nffgName="NFFG_02"/>
		<sourceNode nodeName="NODE_02"/>
		<destinationNode nodeName="NODE_03"/>
		<result result="SATISFIED"/>
		<lastVerification>
			<date>
				<year>2016</year>
				<month>07</month>
				<day>27</day>
				<hour>21</hour>
				<min>40</min>
				<sec>50</sec>
				<utcZone>+01:00</utcZone>
			</date>
		</lastVerification>
	</policy>
	
	<catalog>
		<networkFunctionality name="CACHE"/>
		<networkFunctionality name="DPI"/>
		<networkFunctionality name="FW"/>
		<networkFunctionality name="MAIL_CLIENT"/>
		<networkFunctionality name="MAIL_SERVER"/>
		<networkFunctionality name="NAT"/>
		<networkFunctionality name="SPAM"/>
		<networkFunctionality name="VPN"/>
		<networkFunctionality name="WEB_CLIENT"/>
		<networkFunctionality name="WEB_SERVER"/>
	</catalog>
	
</nffgInfo>