<?xml version="1.0" encoding="UTF-8"?>

<project name="nffg-service" basedir=".">
	<description>
		Script for building NffgService REST Web Service
	</description>
	
	<import file="build.xml"/>
	
	<property name="schema.dir" value="${basedir}/xsd" />
	<property name="NEO4JURL" value="http://localhost:${tomcatPort}/Neo4JXML/rest"/>
	<property name="NEO4J-WADL" value="${NEO4JURL}/application.wadl"/>
	<property name="NFFGSERVICE-WADL" value="${URL}/application.wadl"/>
		
	<path id="nffgService.classpath">
		<fileset dir="${lib.dir}">
			<include name="**/*.jar" />
		</fileset>
	</path>  	
		
	<!-- define wjc task (WADL to Java) -->
	<taskdef name="wjc" classname="org.jvnet.ws.wadl2java.WJCTask">
   		<classpath>
   			<fileset dir="${lib.dir}" includes="*.jar" />
   		</classpath>
	</taskdef>
	
	<!-- target for cleaning all stuff -->
	<target name="clean-all" depends="clean-artifacts, clean-bindings, clean-nffgservice-artifacts-client1, clean-nffgservice-artifacts-client2">
	</target>
	
	<!-- target for cleaning neo4jxml artifacts -->
	<target name="clean-artifacts">
		<delete>
			<fileset dir="${sol3.dir}/service/neo4jxml/" includes="*.java" />
		</delete>
	</target>
	
	<!-- define the NEO4JXML artifacts generation target -->
	<target name="generate-artifacts" depends="clean-artifacts">
	   	<echo message="Compiling the descriptions..." />
		<echo message="${NEO4J-WADL}" />
	   	<wjc description="${NEO4J-WADL}" package="it.polito.dp2.NFFG.sol3.service.neo4jxml"
	       autoSchemaPackage="false" target="${src.dir}">
	     	<produces dir="${sol3.dir}/service/neo4jxml" includes="*.java"/>
	    </wjc>
		<delete file="${sol3.dir}/service/neo4jxml/Localhost_Neo4JXMLRest.java"></delete>
	</target>
 	
	<!-- target for cleaning bindings artifacts -->
	<target name="clean-bindings">
		<delete>
			<fileset dir="${sol3.dir}/service/jaxb/" includes="*.java" />
		</delete>
	</target>     		
	
	<!-- Target generate-bindings -->
	<target name="generate-bindings" depends="clean-bindings" description="Generate bindings from schema">
		<exec executable="xjc" failonerror="true" >
			<arg value="-d" />
			<arg value="${src.dir}" />
			<arg value="-p" />
			<arg value="it.polito.dp2.NFFG.sol3.service.jaxb" />
			<arg value="${schema.dir}/nffgVerifier.xsd" />
		</exec>
	</target>
	
	<target name="build-service" depends="generate-artifacts, generate-bindings">
		<copy tofile="${basedir}/WebContent/WEB-INF/classes/xsd/nffgVerifier.xsd" overwrite="true">
			<fileset file="${basedir}/xsd/nffgVerifier.xsd"/>
		</copy>
		<javac 
			destdir="${build.dir}"
			debug="${debug}"
			debuglevel="${debuglevel}"
			source="${source}"
			target="${target}"
			includeantruntime="false">
				<src path="${sol3.dir}/service" />
				<src path="${sol3.dir}/service/neo4jxml" />
				<src path="${sol3.dir}/service/jaxb" />
				<src path="${sol3.dir}/service/exceptions" />
				<src path="${sol3.dir}/service/DBs" />
				<src path="${sol3.dir}/service/filters" />
				<src path="${sol3.dir}/service/validators" />
				<include name="/*.java" />
				<classpath>
					<path refid="nffgService.classpath" />
				</classpath>
		</javac>
	</target>
	
	<!-- TARGETS FOR CLIENT1 -->
	<!-- target for cleaning NFFGSERVICE artifacts -->
	<target name="clean-nffgservice-artifacts-client1">
		<delete>
			<fileset dir="${sol3.dir}/client1/nffgservice/" includes="*.java" />
		</delete>
	</target>
	
	<!-- define the NFFGSERVICE artifacts generation target -->
	<target name="generate-nffgservice-artifacts-client1" depends="clean-nffgservice-artifacts-client1">
	   	<echo message="Compiling the descriptions..." />
		<echo message="${NFFGSERVICE-WADL}" />
	   	<wjc description="${NFFGSERVICE-WADL}" package="it.polito.dp2.NFFG.sol3.client1.nffgservice"
	       autoSchemaPackage="false" target="${src.dir}">
	     	<produces dir="${sol3.dir}/client1/nffgservice" includes="*.java"/>
	    </wjc>
		<delete file="${sol3.dir}/client1/nffgservice/Localhost_NffgServiceRest.java"></delete>
	</target>
	
	<target name="build-client1" depends="generate-nffgservice-artifacts-client1">
		<javac 
			destdir="${build.dir}"
			debug="${debug}"
			debuglevel="${debuglevel}"
			source="${source}"
			target="${target}"
			includeantruntime="false">
				<src path="${sol3.dir}/client1" />
				<src path="${sol3.dir}/client1/nffgservice" />
				<src path="${sol3.dir}" />
				<include name="/*.java" />
				<classpath>
					<path refid="nffgService.classpath" />
				</classpath>
		</javac>
	</target>
	<!-- TARGETS FOR CLIENT2 -->
	<!-- target for cleaning NFFGSERVICE artifacts -->
	<target name="clean-nffgservice-artifacts-client2">
		<delete>
			<fileset dir="${sol3.dir}/client2/nffgservice/" includes="*.java" />
		</delete>
	</target>
	
	<!-- define the NFFGSERVICE artifacts generation target -->
	<target name="generate-nffgservice-artifacts-client2" depends="clean-nffgservice-artifacts-client2">
	   	<echo message="Compiling the descriptions..." />
		<echo message="${NFFGSERVICE-WADL}" />
	   	<wjc description="${NFFGSERVICE-WADL}" package="it.polito.dp2.NFFG.sol3.client2.nffgservice"
	       autoSchemaPackage="false" target="${src.dir}">
	     	<produces dir="${sol3.dir}/client2/nffgservice" includes="*.java"/>
	    </wjc>
		<delete file="${sol3.dir}/client2/nffgservice/Localhost_NffgServiceRest.java"></delete>
	</target>
	
	<target name="build-client2" depends="generate-nffgservice-artifacts-client2">
		<javac 
			destdir="${build.dir}"
			debug="${debug}"
			debuglevel="${debuglevel}"
			source="${source}"
			target="${target}"
			includeantruntime="false">
				<src path="${sol3.dir}/client2" />
				<src path="${sol3.dir}/client2/nffgservice" />
				<src path="${sol3.dir}" />
				<include name="/*.java" />
				<classpath>
					<path refid="nffgService.classpath" />
				</classpath>
		</javac>
	</target>
	
	<target name="build-client" depends="build-client1, build-client2"/>
	
</project>
