<?xml version="1.0" encoding="UTF-8"?>
<nffgInfoWrapper 	xmlns:xsi="http://www.w3.org/2001/XMLSchema-instance"
					xsi:noNamespaceSchemaLocation="nffgInfo.xsd">
	
	<catalog>
		<networkFunctionality>FW</networkFunctionality>
		<networkFunctionality>DPI</networkFunctionality>
		<networkFunctionality>NAT</networkFunctionality>
		<networkFunctionality>SPAM</networkFunctionality>
		<networkFunctionality>CACHE</networkFunctionality>
		<networkFunctionality>VPN</networkFunctionality>
		<networkFunctionality>WEB_SERVER</networkFunctionality>
		<networkFunctionality>WEB_CLIENT</networkFunctionality> 
		<networkFunctionality>MAIL_SERVER</networkFunctionality>
		<networkFunctionality>MAIL_CLIENT</networkFunctionality>
	</catalog>
	
	<nffgInfos>
	
		<nffgInfo>
			
			<nffg name="NFFG01">
				
				<nodes>
					<node name="NODE01"> 
						<networkFunctionality>FW</networkFunctionality>
					</node>
					<node name="NODE02">
						<networkFunctionality>NAT</networkFunctionality>
					</node>
					<node name="NODE03">
						<networkFunctionality>WEB_CLIENT</networkFunctionality>
					</node>
					<node name="NODE04">
						<networkFunctionality>WEB_CLIENT</networkFunctionality>
					</node>
				</nodes>		
				
				<links>
					<link name="LINK01">
						<sourceNode>NODE01</sourceNode>
						<destinationNode>NODE02</destinationNode>
					</link>
					<link name="LINK02">
						<sourceNode>NODE03</sourceNode>
						<destinationNode>NODE01</destinationNode>
					</link>
					<link name="LINK03">
						<sourceNode>NODE01</sourceNode>
						<destinationNode>NODE03</destinationNode>
					</link>
					<link name="LINK04">
						<sourceNode>NODE03</sourceNode>
						<destinationNode>NODE01</destinationNode>
					</link>
					<link name="LINK05">
						<sourceNode>NODE04</sourceNode>
						<destinationNode>NODE01</destinationNode>
					</link>
				</links>
				
				<lastUpdate>2016-10-26T11:05:30+01:00</lastUpdate>
			</nffg>
			
			<policies>
				<policy name="POLICY01">
						<property>REACHABILITY</property>
						<positive>true</positive>
						<nffg>NFFG01</nffg>
						<sourceNode>NODE01</sourceNode>
						<destinationNode>NODE03</destinationNode>
						<result>false</result>
						<lastVerification>2016-09-11T16:45:10+01:00</lastVerification>
				</policy>
			</policies>
		</nffgInfo>
		
		<nffgInfo>
			
			<nffg name="NFFG02">
				
				<nodes>
					<node name="NODE01">
						<networkFunctionality>WEB_SERVER</networkFunctionality>
					</node>
					<node name="NODE02">
						<networkFunctionality>MAIL_CLIENT</networkFunctionality>
					</node>
					<node name="NODE03">
						<networkFunctionality>SPAM</networkFunctionality>
					</node>	
				</nodes>
				
				<links>
					<link name="LINK01">
						<sourceNode>NODE03</sourceNode>
						<destinationNode>NODE02</destinationNode>
					</link>
					<link name="LINK02">
						<sourceNode>NODE02</sourceNode>
						<destinationNode>NODE01</destinationNode>
					</link>
					<link name="LINK03">
						<sourceNode>NODE01</sourceNode>
						<destinationNode>NODE03</destinationNode>
					</link>
					<link name="LINK04">
						<sourceNode>NODE01</sourceNode>
						<destinationNode>NODE03</destinationNode>
					</link>
				</links>
				
				<lastUpdate>2014-05-12T18:30:12+01:00</lastUpdate>
			</nffg>
			
			<policies>
				<policy name="POLICY02">
					<property>TRAVERSAL</property>
					<positive>false</positive>
					<networkFunctionality>NAT</networkFunctionality>
					<networkFunctionality>WEB_SERVER</networkFunctionality>
					<nffg>NFFG02</nffg>
					<sourceNode>NODE03</sourceNode>
					<destinationNode>NODE01</destinationNode>
					<result>false</result>
					<lastVerification>2016-09-11T16:45:10+01:00</lastVerification>
				</policy>
				<policy name="POLICY03">
					<property>REACHABILITY</property>
					<positive>true</positive>
					<nffg>NFFG02</nffg>
					<sourceNode>NODE02</sourceNode>
					<destinationNode>NODE03</destinationNode>
					<result>false</result>
					<lastVerification>2016-07-27T21:40:50+01:00</lastVerification>
				</policy>
			</policies>
		</nffgInfo>
	</nffgInfos>
</nffgInfoWrapper>