<?xml version="1.0" encoding="UTF-8"?>

<!-- Ant script for running client-side JAX-RS examples -->
<project name="neo4j-rest-client" default="generate-artifacts" basedir=".">
	<property name="root.location" location="." />

	<!-- define wjc task (WADL to Java) -->
	<taskdef name="wjc" classname="org.jvnet.ws.wadl2java.WJCTask">
   		<classpath>
   			<fileset dir="${lib.dir}" includes="*.jar" />
   		</classpath>
	</taskdef>
	
	<!-- define paths -->
	<path id="lib.classpath">
			<pathelement location="${build.dir}" />
		<!-- uncomment the following fileset if you use Java EE
		     or if your JDK does not already include these jars under jre/lib/ext
		-->
			<fileset dir="${lib.dir}">
	          <include name="**/*.jar"/>
	        </fileset>

	</path>
	
	<!-- define the client artifacts generation target -->
	<target name="generate-artifacts" depends="clean">
		<mkdir dir="${gen.dir}" />
	   	<echo message="Compiling the descriptions..." />
		<echo message="${WADL}" />
	   	<wjc description="${WADL}" package="it.polito.dp2.NFFG.sol2"
	       autoSchemaPackage="false" target="${gen.dir}">
	     	<produces dir="${gen.dir}/it/polito/dp2/NFFG/sol2" includes="*.java"/>
	   		<depends dir="${root.location}" includes="build.xml"/>
	    </wjc>
		<delete file="${gen.dir}/it/polito/dp2/NFFG/sol2/Localhost_Neo4JXMLRest.java"></delete>
	</target>

	<!-- define the "clean" target (remove directories) -->
	<target name="clean">
		<delete dir="${gen.dir}"/>
	</target>

</project>
